chamber,member_id,previous_member,party,new_id,new_member,winner_party,date_of_birth,gender,state_abbrev,district,new_fec_cand_id
House,Y000033,Don Young,R,Y000033,Don Young,R,6/9/1933,M,AK,AL,
House,B001289,Bradley  Byrne,R,B001289,Bradley  Byrne,R,2/16/1955,M,AL,1,
House,R000591,Martha Roby,R,R000591,Martha Roby,R,7/27/1976,F,AL,2,
House,R000575,Mike D. Rogers,R,R000575,Mike D. Rogers,R,7/16/1958,M,AL,3,
House,A000055,Robert B. Aderholt,R,A000055,Robert B. Aderholt,R,7/22/1965,M,AL,4,
House,B001274,Mo Brooks,R,B001274,Mo Brooks,R,4/29/1954,M,AL,5,
House,B000013,Spencer Bachus,R,,Gary Palmer,R,5/14/1954,M,AL,6,H4AL06098
House,S001185,Terri Sewell,D,S001185,Terri Sewell,D,1/1/1965,F,AL,7,
House,C001087,Rick Crawford,R,C001087,Rick Crawford,R,1/1/1966,M,AR,1,
House,G000567,Tim Griffin,R,,French Hill,R,12/5/1956,M,AR,2,H4AR02141
House,W000809,Steve Womack,R,W000809,Steve Womack,R,2/18/1957,M,AR,3,
House,C001095,Tom Cotton,R,,Bruce Westerman,R,11/18/1967,M,AR,4,H4AR04048
House,K000368,Ann Kirkpatrick,D,K000368,Ann Kirkpatrick,D,3/24/1950,F,AZ,1,
House,B001279,Ron Barber,D,,Martha McSally,R,3/22/1966,F,AZ,2,H2AZ08102
House,G000551,Raí_l M. Grijalva,D,G000551,Raul M. Grijalva,D,2/19/1948,M,AZ,3,
House,G000565,Paul Gosar,R,G000565,Paul Gosar,R,11/22/1958,M,AZ,4,
House,S000018,Matt Salmon,R,S000018,Matt Salmon,R,1/21/1958,M,AZ,5,
House,S001183,David Schweikert,R,S001183,David Schweikert,R,3/3/1962,M,AZ,6,
House,P000099,Ed Pastor,D,,Ruben Gallego,D,11/20/1979,M,AZ,7,H4AZ07043
House,F000448,Trent Franks,R,F000448,Trent Franks,R,6/19/1957,M,AZ,8,
House,S001191,Kyrsten Sinema,D,S001191,Kyrsten Sinema,D,7/12/1976,F,AZ,9,
House,L000578,Doug LaMalfa,R,L000578,Doug LaMalfa,R,7/2/1960,M,CA,1,
House,H001068,Jared Huffman,D,H001068,Jared Huffman,D,2/18/1964,M,CA,2,
House,G000559,John Garamendi,D,G000559,John Garamendi,D,1/24/1945,M,CA,3,
House,M001177,Tom McClintock,R,M001177,Tom McClintock,R,7/10/1956,M,CA,4,
House,T000460,Mike Thompson,D,T000460,Mike Thompson,D,1/24/1951,M,CA,5,
House,M001163,Doris Matsui,D,M001163,Doris Matsui,D,9/25/1944,F,CA,6,
House,B001287,Ami Bera,D,B001287,Ami Bera,D,3/2/1965,M,CA,7,
House,C001094,Paul Cook,R,C001094,Paul Cook,R,3/3/1943,M,CA,8,
House,M001166,Jerry McNerney,D,M001166,Jerry McNerney,D,6/18/1951,M,CA,9,
House,D000612,Jeffrey Denham,R,D000612,Jeffrey Denham,R,7/29/1967,M,CA,10,
House,M000725,George Miller,D,,Mark DeSaulnier,D,3/31/1952,M,CA,11,H0CA10073
House,P000197,Nancy Pelosi,D,P000197,Nancy Pelosi,D,3/26/1940,F,CA,12,
House,L000551,Barbara Lee,D,L000551,Barbara Lee,D,7/16/1946,F,CA,13,
House,S001175,Jackie Speier,D,S001175,Jackie Speier,D,5/14/1950,F,CA,14,
House,S001193,Eric Swalwell,D,S001193,Eric Swalwell,D,11/16/1980,M,CA,15,
House,C001059,Jim Costa,D,C001059,Jim Costa,D,4/13/1952,M,CA,16,
House,H001034,Michael M. Honda,D,H001034,Michael M. Honda,D,6/27/1941,M,CA,17,
House,E000215,Anna G. Eshoo,D,E000215,Anna G. Eshoo,D,12/13/1942,F,CA,18,
House,L000397,Zoe Lofgren,D,L000397,Zoe Lofgren,D,12/21/1947,F,CA,19,
House,F000030,Sam Farr,D,F000030,Sam Farr,D,7/4/1941,M,CA,20,
House,V000129,David Valadao,R,V000129,David Valadao,R,4/14/1977,M,CA,21,
House,N000181,Devin Nunes,R,N000181,Devin Nunes,R,10/1/1973,M,CA,22,
House,M001165,Kevin McCarthy,R,M001165,Kevin McCarthy,R,1/26/1965,M,CA,23,
House,C001036,Lois Capps,D,C001036,Lois Capps,D,1/10/1938,F,CA,24,
House,M000508,Howard P. McKeon,R,,Steve Knight,R,12/17/1966,M,CA,25,H4CA25123
House,B001285,Julia Brownley,D,B001285,Julia Brownley,D,8/28/1952,F,CA,26,
House,C001080,Judy Chu,D,C001080,Judy Chu,D,7/7/1953,F,CA,27,
House,S001150,Adam B. Schiff,D,S001150,Adam B. Schiff,D,6/22/1960,M,CA,28,
House,C001097,Tony Cardenas,D,C001097,Tony Cardenas,D,3/31/1963,M,CA,29,
House,S000344,Brad Sherman,D,S000344,Brad Sherman,D,10/24/1954,M,CA,30,
House,M001139,Gary G. Miller,D,,Pete Aguilar,D,6/19/1979,M,CA,31,H2CA31125
House,N000179,Grace F. Napolitano,D,N000179,Grace F. Napolitano,D,12/4/1936,F,CA,32,
House,W000215,Henry A. Waxman,D,,Ted Lieu,D,3/29/1969,M,CA,33,H4CA33119
House,B000287,Xavier Becerra,D,B000287,Xavier Becerra,D,1/26/1958,M,CA,34,
House,N000187,Gloria Negrete McLeod,D,,Norma Torres,D,4/4/1965,F,CA,35,H4CA35031
House,R000599,Raul Ruiz,D,R000599,Raul Ruiz,D,8/25/1972,M,CA,36,
House,B001270,Karen Bass,D,B001270,Karen Bass,D,10/3/1953,F,CA,37,
House,S001156,Linda T. Sanchez,D,S001156,Linda T. Sanchez,D,1/28/1969,F,CA,38,
House,R000487,Ed Royce,R,R000487,Ed Royce,R,10/12/1951,M,CA,39,
House,R000486,Lucille Roybal-Allard,D,R000486,Lucille Roybal-Allard,D,6/12/1941,M,CA,40,
House,T000472,Mark Takano,D,T000472,Mark Takano,D,12/10/1960,M,CA,41,
House,C000059,Ken Calvert,R,C000059,Ken Calvert,R,6/8/1953,M,CA,42,
House,W000187,Maxine Waters,D,W000187,Maxine Waters,D,8/15/1938,F,CA,43,
House,H001063,Janice Hahn,D,H001063,Janice Hahn,D,3/30/1952,F,CA,44,
House,C001064,John Campbell,R,,Mimi Walters,R,5/14/1962,F,CA,45,H4CA45097
House,S000030,Loretta Sanchez,D,S000030,Loretta Sanchez,D,1/7/1960,F,CA,46,
House,L000579,Alan Lowenthal,D,L000579,Alan Lowenthal,D,3/8/1941,M,CA,47,
House,R000409,Dana Rohrabacher,R,R000409,Dana Rohrabacher,R,6/21/1947,M,CA,48,
House,I000056,Darrell Issa,R,I000056,Darrell Issa,R,1/1/1954,M,CA,49,
House,H001048,Duncan D. Hunter,R,H001048,Duncan D. Hunter,R,12/7/1976,M,CA,50,
House,V000130,Juan Vargas,D,V000130,Juan Vargas,D,3/7/1961,M,CA,51,
House,P000608,Scott Peters,D,P000608,Scott Peters,D,6/17/1958,M,CA,52,
House,D000598,Susan A. Davis,D,D000598,Susan A. Davis,D,4/13/1944,F,CA,53,
House,D000197,Diana DeGette,D,D000197,Diana DeGette,D,7/29/1957,F,CO,1,
House,P000598,Jared Polis,D,P000598,Jared Polis,D,5/12/1975,M,CO,2,
House,T000470,Scott Tipton,R,T000470,Scott Tipton,R,11/9/1956,M,CO,3,
House,G000562,Cory Gardner,R,,Ken Buck,R,2/16/1959,M,CO,4,"S0CO00237,H4CO04090"
House,L000564,Doug Lamborn,R,L000564,Doug Lamborn,R,5/24/1954,M,CO,5,
House,C001077,Mike Coffman,R,C001077,Mike Coffman,R,3/19/1955,M,CO,6,
House,P000593,Ed Perlmutter,D,P000593,Ed Perlmutter,D,5/1/1953,M,CO,7,
House,L000557,John B. Larson,D,L000557,John B. Larson,D,7/22/1948,M,CT,1,
House,C001069,Joe Courtney,D,C001069,Joe Courtney,D,4/6/1953,M,CT,2,
House,D000216,Rosa DeLauro,D,D000216,Rosa DeLauro,D,3/2/1943,F,CT,3,
House,H001047,Jim Himes,D,H001047,Jim Himes,D,7/5/1966,M,CT,4,
House,E000293,Elizabeth Esty,D,E000293,Elizabeth Esty,D,8/25/1959,F,CT,5,
House,C001083,John Carney,D,C001083,John Carney,D,5/20/1956,M,DE,AL,
House,M001144,Jeff Miller,R,M001144,Jeff Miller,R,6/27/1959,M,FL,1,
House,S001186,Steve Southerland,D,,Gwen Graham,D,1/31/1963,F,FL,2,H4FL02062
House,Y000065,Ted Yoho,R,Y000065,Ted Yoho,R,4/13/1955,M,FL,3,
House,C001045,Ander Crenshaw,R,C001045,Ander Crenshaw,R,9/1/1944,M,FL,4,
House,B000911,Corrine Brown,D,B000911,Corrine Brown,D,11/11/1946,F,FL,5,
House,D000621,Ron DeSantis,R,D000621,Ron DeSantis,R,9/14/1974,M,FL,6,
House,M000689,John L. Mica,R,M000689,John L. Mica,R,1/27/1943,M,FL,7,
House,P000599,Bill Posey,R,P000599,Bill Posey,R,12/18/1947,M,FL,8,
House,G000556,Alan Grayson,D,G000556,Alan Grayson,D,3/13/1958,M,FL,9,
House,W000806,Daniel Webster,R,W000806,Daniel Webster,R,4/27/1949,M,FL,10,
House,N000185,Richard Nugent,R,N000185,Richard Nugent,R,5/26/1951,M,FL,11,
House,B001257,Gus Bilirakis,R,B001257,Gus Bilirakis,R,2/8/1963,M,FL,12,
House,J000296,David W. Jolly,R,J000296,David W. Jolly,R,10/31/1972,M,FL,13,
House,C001066,Kathy Castor,D,C001066,Kathy Castor,D,8/20/1966,F,FL,14,
House,R000593,Dennis Ross,R,R000593,Dennis Ross,R,10/18/1959,M,FL,15,
House,B001260,Vern Buchanan,R,B001260,Vern Buchanan,R,5/8/1951,M,FL,16,
House,R000583,Tom Rooney,R,R000583,Tom Rooney,R,11/21/1970,M,FL,17,
House,M001191,Patrick Murphy,D,M001191,Patrick Murphy,D,3/30/1983,M,FL,18,
House,C001102,Curt  Clawson,R,C001102,Curt  Clawson,R,9/28/1959,M,FL,19,
House,H000324,Alcee L. Hastings,D,H000324,Alcee L. Hastings,D,9/5/1936,M,FL,20,
House,D000610,Ted Deutch,D,D000610,Ted Deutch,D,5/7/1966,M,FL,21,
House,F000462,Lois Frankel,D,F000462,Lois Frankel,D,5/16/1948,F,FL,22,
House,W000797,Debbie Wasserman Schultz,D,W000797,Debbie Wasserman Schultz,D,9/27/1966,F,FL,23,
House,W000808,Frederica Wilson,D,W000808,Frederica Wilson,D,11/5/1942,F,FL,24,
House,D000600,Mario Diaz-Balart,R,D000600,Mario Diaz-Balart,R,9/25/1961,M,FL,25,
House,G000573,Joe Garcia,R,,Carlos Curbelo,R,3/1/1980,M,FL,26,H4FL26038
House,R000435,Ileana Ros-Lehtinen,R,R000435,Ileana Ros-Lehtinen,R,7/15/1952,F,FL,27,
House,K000220,Jack Kingston,R,,Buddy Carter,R,9/6/1957,M,GA,1,H4GA01039
House,B000490,Sanford D. Bishop Jr.,D,B000490,Sanford D. Bishop Jr.,D,2/4/1947,M,GA,2,
House,W000796,Lynn Westmoreland,R,W000796,Lynn Westmoreland,R,4/2/1950,M,GA,3,
House,J000288,Hank Johnson,D,J000288,Hank Johnson,D,10/2/1954,M,GA,4,
House,L000287,John  Lewis,D,L000287,John  Lewis,D,2/21/1940,M,GA,5,
House,P000591,Tom Price,R,P000591,Tom Price,R,10/8/1954,M,GA,6,
House,W000810,Rob Woodall,R,W000810,Rob Woodall,R,2/11/1970,M,GA,7,
House,S001189,Austin Scott,R,S001189,Austin Scott,R,12/10/1969,M,GA,8,
House,C001093,Doug Collins,R,C001093,Doug Collins,R,8/16/1966,M,GA,9,
House,B001262,Paul Broun,R,,Jody Hice,R,4/22/1960,M,GA,10,H0GA07125
House,G000550,Phil Gingrey,R,,Barry Loudermilk,R,12/22/1963,M,GA,11,H4GA11061
House,B001252,John Barrow,R,,Rick Allen,R,11/7/1951,M,GA,12,H0GA02241
House,S001157,David Scott,D,S001157,David Scott,D,6/27/1946,M,GA,13,
House,G000560,Tom Graves,R,G000560,Tom Graves,R,2/3/1970,M,GA,14,
House,B001245,Madeleine Z. Bordallo,D,B001245,Madeleine Z. Bordallo,D,5/31/1933,F,GU,AL,
House,H001050,Colleen Hanabusa,D,,Mark Takai,D,7/1/1967,M,HI,1,H4HI01134
House,G000571,Tulsi Gabbard,D,G000571,Tulsi Gabbard,D,4/12/1981,F,HI,2,
House,B001259,Bruce Braley,R,,Rod Blum,R,4/26/1955,M,IA,1,H2IA01055
House,L000565,Dave Loebsack,D,L000565,Dave Loebsack,D,12/23/1952,M,IA,2,
House,L000111,Tom Latham,R,,David Young,R,5/11/1968,M,IA,3,"S4IA00103,H4IA03115"
House,K000362,Steve King,R,K000362,Steve King,R,5/28/1949,M,IA,4,
House,L000573,Raul Labrador,R,L000573,Raul Labrador,R,12/8/1967,M,ID,1,
House,S001148,Mike Simpson,R,S001148,Mike Simpson,R,9/8/1950,M,ID,2,
House,R000515,Bobby L. Rush,D,R000515,Bobby L. Rush,D,11/23/1946,M,IL,1,
House,K000385,Robin  Kelly,D,K000385,Robin  Kelly,D,4/30/1956,M,IL,2,
House,L000563,Daniel Lipinski,D,L000563,Daniel Lipinski,D,7/15/1966,M,IL,3,
House,G000535,Luis V. Gutierrez,D,G000535,Luis V. Gutierrez,D,12/10/1953,M,IL,4,
House,Q000023,Mike Quigley,D,Q000023,Mike Quigley,D,10/17/1959,M,IL,5,
House,R000580,Peter Roskam,R,R000580,Peter Roskam,R,9/13/1961,M,IL,6,
House,D000096,Danny K. Davis,D,D000096,Danny K. Davis,D,9/6/1941,M,IL,7,
House,D000622,Tammy Duckworth,D,D000622,Tammy Duckworth,D,3/12/1968,F,IL,8,
House,S001145,Jan Schakowsky,D,S001145,Jan Schakowsky,D,5/26/1944,F,IL,9,
House,S001190,Brad Schneider,R,D000613,Robert Dold,R,6/19/1971,M,IL,10,
House,F000454,Bill Foster,D,F000454,Bill Foster,D,10/7/1955,M,IL,11,
House,E000292,Bill Enyart,R,,Mike Bost,R,12/30/1960,M,IL,12,H4IL12060
House,D000619,Rodney Davis,R,D000619,Rodney Davis,R,1/5/1970,M,IL,13,
House,H001059,Randy Hultgren,R,H001059,Randy Hultgren,R,3/1/1966,M,IL,14,
House,S000364,John Shimkus,R,S000364,John Shimkus,R,2/21/1958,M,IL,15,
House,K000378,Adam Kinzinger,R,K000378,Adam Kinzinger,R,2/27/1978,M,IL,16,
House,B001286,Cheri Bustos,D,B001286,Cheri Bustos,D,10/17/1961,F,IL,17,
House,S001179,Aaron Schock,R,S001179,Aaron Schock,R,5/28/1981,M,IL,18,
House,V000108,Peter J. Visclosky,D,V000108,Peter J. Visclosky,D,8/13/1949,M,IN,1,
House,W000813,Jackie Walorski,R,W000813,Jackie Walorski,R,8/17/1963,F,IN,2,
House,S001188,Marlin Stutzman,R,S001188,Marlin Stutzman,R,8/31/1976,M,IN,3,
House,R000592,Todd Rokita,R,R000592,Todd Rokita,R,2/9/1970,M,IN,4,
House,B001284,Susan Brooks,R,B001284,Susan Brooks,R,8/25/1960,F,IN,5,
House,M001189,Luke Messer,R,M001189,Luke Messer,R,2/27/1969,M,IN,6,
House,C001072,Andrí© Carson,D,C001072,Andre Carson,D,10/16/1974,M,IN,7,
House,B001275,Larry Bucshon,R,B001275,Larry Bucshon,R,5/31/1962,M,IN,8,
House,Y000064,Todd Young,R,Y000064,Todd Young,R,8/24/1972,M,IN,9,
House,H001057,Tim Huelskamp,R,H001057,Tim Huelskamp,R,11/11/1968,M,KS,1,
House,J000290,Lynn Jenkins,R,J000290,Lynn Jenkins,R,6/10/1963,F,KS,2,
House,Y000063,Kevin Yoder,R,Y000063,Kevin Yoder,R,1/8/1976,M,KS,3,
House,P000602,Mike Pompeo,R,P000602,Mike Pompeo,R,12/30/1963,M,KS,4,
House,W000413,Edward Whitfield,R,W000413,Edward Whitfield,R,5/25/1943,M,KY,1,
House,G000558,Brett Guthrie,R,G000558,Brett Guthrie,R,2/18/1964,M,KY,2,
House,Y000062,John Yarmuth,D,Y000062,John Yarmuth,D,11/4/1947,M,KY,3,
House,M001184,Thomas Massie,R,M001184,Thomas Massie,R,1/13/1971,M,KY,4,
House,R000395,Harold Rogers,R,R000395,Harold Rogers,R,12/31/1937,M,KY,5,
House,B001282,Andy Barr,R,B001282,Andy Barr,R,7/24/1973,M,KY,6,
House,S001176,Steve Scalise,R,S001176,Steve Scalise,R,10/6/1965,M,LA,1,
House,R000588,Cedric Richmond,D,R000588,Cedric Richmond,D,9/13/1973,M,LA,2,
House,B001255,Charles Boustany Jr.,R,B001255,Charles Boustany Jr.,R,2/21/1956,M,LA,3,
House,F000456,John Fleming,R,F000456,John Fleming,R,7/5/1951,M,LA,4,
House,M001192,Vance  McAllister,R,,Ralph Abraham,R,9/16/1954,M,LA,5,H4LA05221
House,C001075,Bill Cassidy,R,,Garret Graves,R,1/31/1972,M,LA,6,H4LA06153
House,N000015,Richard E. Neal,D,N000015,Richard E. Neal,D,2/14/1949,M,MA,1,
House,M000312,Jim McGovern,D,M000312,Jim McGovern,D,11/20/1959,M,MA,2,
House,T000465,Niki Tsongas,D,T000465,Niki Tsongas,D,4/26/1946,F,MA,3,
House,K000379,Joseph P. Kennedy III,D,K000379,Joseph P. Kennedy III,D,10/4/1980,M,MA,4,
House,C001101,Katherine  Clark,D,C001101,Katherine  Clark,D,7/17/1963,F,MA,5,
House,T000266,John F. Tierney,D,,Seth Moulton,D,10/24/1978,M,MA,6,H4MA06090
House,C001037,Michael E. Capuano,D,C001037,Michael E. Capuano,D,1/9/1952,M,MA,7,
House,L000562,Stephen F. Lynch,D,L000562,Stephen F. Lynch,D,3/31/1955,M,MA,8,
House,K000375,Bill Keating,D,K000375,Bill Keating,D,9/6/1952,M,MA,9,
House,H001052,Andy Harris,R,H001052,Andy Harris,R,1/25/1957,M,MD,1,
House,R000576,C.A. Dutch Ruppersberger,D,R000576,C.A. Dutch Ruppersberger,D,1/31/1946,M,MD,2,
House,S001168,John Sarbanes,D,S001168,John Sarbanes,D,5/22/1962,M,MD,3,
House,E000290,Donna Edwards,D,E000290,Donna Edwards,D,6/28/1958,F,MD,4,
House,H000874,Steny H. Hoyer,D,H000874,Steny H. Hoyer,D,6/14/1939,M,MD,5,
House,D000620,John Delaney,D,D000620,John Delaney,D,4/16/1963,M,MD,6,
House,C000984,Elijah E. Cummings,D,C000984,Elijah E. Cummings,D,1/18/1951,M,MD,7,
House,V000128,Chris Van Hollen,D,V000128,Chris Van Hollen,D,1/10/1959,M,MD,8,
House,P000597,Chellie Pingree,D,P000597,Chellie Pingree,D,4/2/1955,F,ME,1,
House,M001149,Michael H. Michaud,R,,Bruce Poliquin,R,11/1/1953,M,ME,2,"S2ME00158,H4ME02234"
House,B001271,Dan Benishek,R,B001271,Dan Benishek,R,4/20/1952,M,MI,1,
House,H001058,Bill Huizenga,R,H001058,Bill Huizenga,R,1/31/1969,M,MI,2,
House,A000367,Justin Amash,R,A000367,Justin Amash,R,4/18/1980,M,MI,3,
House,C000071,Dave Camp,R,,John Moolenaar,R,5/8/1961,M,MI,4,H4MI04126
House,K000380,Dan Kildee,D,K000380,Dan Kildee,D,8/11/1958,M,MI,5,
House,U000031,Fred Upton,R,U000031,Fred Upton,R,4/23/1953,M,MI,6,
House,W000798,Tim Walberg,R,W000798,Tim Walberg,R,4/12/1951,M,MI,7,
House,R000572,Mike Rogers,R,,Mike Bishop,R,3/18/1967,M,MI,8,H4MI08135
House,L000263,Sander M. Levin,D,L000263,Sander M. Levin,D,9/6/1931,M,MI,9,
House,M001150,Candice S. Miller,R,M001150,Candice S. Miller,R,5/7/1954,F,MI,10,
House,B001280,Kerry Bentivolio,R,,Dave Trott,R,10/16/1960,M,MI,11,H4MI11097
House,D000355,John D. Dingell,D,,Debbie Dingell,D,11/23/1953,F,MI,12,H4MI12079
House,C000714,John Conyers Jr.,D,C000714,John Conyers Jr.,D,5/16/2029,M,MI,13,
House,P000595,Gary Peters,D,,Brenda Lawrence,D,10/18/1954,F,MI,14,H2MI14111
House,W000799,Tim Walz,D,W000799,Tim Walz,D,4/6/1964,M,MN,1,
House,K000363,John Kline,R,K000363,John Kline,R,9/6/1947,M,MN,2,
House,P000594,Erik Paulsen,R,P000594,Erik Paulsen,R,5/14/1965,M,MN,3,
House,M001143,Betty McCollum,D,M001143,Betty McCollum,D,7/12/1954,F,MN,4,
House,E000288,Keith Ellison,D,E000288,Keith Ellison,D,8/4/1963,M,MN,5,
House,B001256,Michele Bachmann,R,,Tom Emmer,R,3/3/1961,M,MN,6,H4MN06087
House,P000258,Collin C. Peterson,D,P000258,Collin C. Peterson,D,6/29/1944,M,MN,7,
House,N000127,Rick Nolan,D,N000127,Rick Nolan,D,12/17/1943,M,MN,8,
House,C001049,William Lacy Clay,D,C001049,William Lacy Clay,D,7/27/1956,M,MO,1,
House,W000812,Ann Wagner,R,W000812,Ann Wagner,R,9/13/1962,F,MO,2,
House,L000569,Blaine Luetkemeyer,R,L000569,Blaine Luetkemeyer,R,5/7/1952,M,MO,3,
House,H001053,Vicky Hartzler,R,H001053,Vicky Hartzler,R,10/13/1960,F,MO,4,
House,C001061,Emanuel Cleaver II,D,C001061,Emanuel Cleaver II,D,10/26/1944,M,MO,5,
House,G000546,Sam Graves,R,G000546,Sam Graves,R,11/7/1963,M,MO,6,
House,L000576,Billy Long,R,L000576,Billy Long,R,8/11/1955,M,MO,7,
House,S001195,Jason  Smith,R,S001195,Jason Smith,R,6/16/1980,M,MO,8,
House,N000186,Alan Nunnelee,R,N000186,Alan Nunnelee,R,10/9/1958,M,MS,1,
House,T000193,Bennie Thompson,D,T000193,Bennie Thompson,D,1/28/1948,M,MS,2,
House,H001045,Gregg Harper,R,H001045,Gregg Harper,R,6/1/1956,M,MS,3,
House,P000601,Steven Palazzo,R,P000601,Steven Palazzo,R,2/21/1970,M,MS,4,
House,D000618,Steve Daines,R,,Ryan Zinke,R,11/1/1961,M,MT,1,H4MT01041
House,B001251,G. K. Butterfield,D,B001251,G. K. Butterfield,D,4/27/1947,M,NC,1,
House,E000291,Renee Ellmers,R,E000291,Renee Ellmers,R,2/9/1964,F,NC,2,
House,J000255,Walter B. Jones,R,J000255,Walter B. Jones,R,2/10/1943,M,NC,3,
House,P000523,David E. Price,D,P000523,David E. Price,D,8/17/1940,M,NC,4,
House,F000450,Virginia Foxx,R,F000450,Virginia Foxx,R,6/29/1943,F,NC,5,
House,C000556,Howard Coble,R,C000556,Mark Walker,R,5/20/1969,M,NC,6,
House,M000485,Mike McIntyre,R,,David Rouzer,R,5/27/1946,M,NC,7,H2NC07096
House,H001067,Richard Hudson,R,H001067,Richard Hudson,R,11/4/1971,M,NC,8,
House,P000606,Robert Pittenger,R,P000606,Robert Pittenger,R,8/15/1948,M,NC,9,
House,M001156,Patrick T. McHenry,R,M001156,Patrick T. McHenry,R,10/22/1975,M,NC,10,
House,M001187,Mark Meadows,R,M001187,Mark Meadows,R,7/28/1959,M,NC,11,
House,,(Watt),D,A000370,Alma Adams,D,2/16/1972,F,NC,12,H4NC12100
House,H001065,George Holding,R,H001065,George Holding,R,4/17/1968,M,NC,13,
House,C001096,Kevin Cramer,R,C001096,Kevin Cramer,R,1/21/1961,M,ND,AL,
House,F000449,Jeff Fortenberry,R,F000449,Jeff Fortenberry,R,12/27/1960,M,NE,1,
House,T000459,Lee Terry,D,,Brad Ashford,D,11/10/1949,M,NE,2,H4NE02054
House,S001172,Adrian Smith,R,S001172,Adrian Smith,R,12/19/1970,M,NE,3,
House,S001170,Carol Shea-Porter,R,G000570,Frank Guinta,R,9/26/1970,M,NH,1,
House,K000382,Ann McLane Kuster,D,K000382,Ann McLane Kuster,D,9/5/1956,F,NH,2,
House,,(Andrews),D,N000188,Donald Norcross,D,12/13/1958,M,NJ,1,
House,L000554,Frank A. LoBiondo,R,L000554,Frank A. LoBiondo,R,5/12/1946,M,NJ,2,
House,R000594,Jon Runyan,R,,Tom MacArthur,R,10/16/1960,M,NJ,3,H4NJ03130
House,S000522,Christopher H. Smith,R,S000522,Christopher H. Smith,R,3/4/1953,M,NJ,4,
House,G000548,Scott Garrett,R,G000548,Scott Garrett,R,7/9/1959,M,NJ,5,
House,P000034,Frank Pallone,D,P000034,Frank Pallone,D,10/30/1951,M,NJ,6,
House,L000567,Leonard Lance,R,L000567,Leonard Lance,R,6/25/1952,M,NJ,7,
House,S001165,Albio Sires,D,S001165,Albio Sires,D,1/26/1951,M,NJ,8,
House,P000096,Bill Pascrell Jr.,D,P000096,Bill Pascrell Jr.,D,1/25/1937,M,NJ,9,
House,P000604,Donald M. Payne Jr.,D,P000604,Donald M. Payne Jr.,D,12/17/1958,M,NJ,10,
House,F000372,Rodney Frelinghuysen,R,F000372,Rodney Frelinghuysen,R,4/29/1946,M,NJ,11,
House,H001032,Rush Holt,D,,Bonnie Watson Coleman,D,2/6/1945,F,NJ,12,H4NJ12149
House,L000580,Michelle Lujan Grisham,D,L000580,Michelle Lujan Grisham,D,10/24/1959,F,NM,1,
House,P000588,Steve Pearce,R,P000588,Steve Pearce,R,8/24/1947,M,NM,2,
House,L000570,Ben Ray Lujan,D,L000570,Ben Ray Lujan,D,6/7/1972,M,NM,3,
House,T000468,Dina Titus,D,T000468,Dina Titus,D,5/23/1950,F,NV,1,
House,A000369,Mark Amodei,R,A000369,Mark Amodei,R,6/12/1958,M,NV,2,
House,H001055,Joe Heck,R,H001055,Joe Heck,R,10/30/1961,M,NV,3,
House,H001066,Steven Horsford,R,,Cresent Hardy,R,6/23/1957,M,NV,4,H4NV04017
House,B001242,Timothy H. Bishop,R,,Lee Zeldin,R,1/30/1980,M,NY,1,H8NY01148
House,K000210,Peter T. King,R,K000210,Peter T. King,R,4/5/1944,M,NY,2,
House,I000057,Steve Israel,D,I000057,Steve Israel,D,5/30/1958,M,NY,3,
House,M000309,Carolyn McCarthy,D,,Kathleen Rice,D,2/15/1965,F,NY,4,H4NY04075
House,M001137,Gregory W. Meeks,D,M001137,Gregory W. Meeks,D,9/25/1953,M,NY,5,
House,M001188,Grace Meng,D,M001188,Grace Meng,D,10/1/1975,F,NY,6,
House,V000081,Nydia M. Velíçzquez,D,V000081,Nydia M. Velazquez,D,3/28/1953,M,NY,7,
House,J000294,Hakeem Jeffries,D,J000294,Hakeem Jeffries,D,8/4/1970,M,NY,8,
House,C001067,Yvette D. Clarke,D,C001067,Yvette D. Clarke,D,11/24/1964,F,NY,9,
House,N000002,Jerrold  Nadler,D,N000002,Jerrold  Nadler,D,6/13/1947,M,NY,10,
House,G000569,Mike Grimm,R,G000569,Mike Grimm,R,2/7/1970,M,NY,11,
House,M000087,Carolyn B. Maloney,D,M000087,Carolyn B. Maloney,D,2/19/1948,F,NY,12,
House,R000053,Charles B. Rangel,D,R000053,Charles B. Rangel,D,6/11/1930,M,NY,13,
House,C001038,Joseph  Crowley,D,C001038,Joseph  Crowley,D,3/16/1962,M,NY,14,
House,S000248,Josí© E. Serrano,D,S000248,Jose E. Serrano,D,10/24/1943,M,NY,15,
House,E000179,Eliot L. Engel,D,E000179,Eliot L. Engel,D,2/18/1947,M,NY,16,
House,L000480,Nita M. Lowey,D,L000480,Nita M. Lowey,D,7/5/1937,F,NY,17,
House,M001185,Sean Patrick Maloney,D,M001185,Sean Patrick Maloney,D,7/30/1966,M,NY,18,
House,G000564,Chris Gibson,R,G000564,Chris Gibson,R,5/13/1964,M,NY,19,
House,T000469,Paul Tonko,D,T000469,Paul Tonko,D,6/18/1949,M,NY,20,
House,O000169,Bill Owens,R,,Elise Stefanik,R,7/2/1984,F,NY,21,H4NY21079
House,H001051,Richard Hanna,R,H001051,Richard Hanna,R,1/25/1951,M,NY,22,
House,R000585,Tom Reed,R,R000585,Tom Reed,R,11/18/1971,M,NY,23,
House,M001171,Dan Maffei,R,,John Katko,R,11/9/1962,M,NY,24,H4NY24073
House,S000480,Louise M. Slaughter,D,S000480,Louise M. Slaughter,D,8/14/2029,M,NY,25,
House,H001038,Brian Higgins,D,H001038,Brian Higgins,D,10/6/1959,M,NY,26,
House,C001092,Chris Collins,R,C001092,Chris Collins,R,5/20/1950,M,NY,27,
House,C000266,Steven J. Chabot,R,C000266,Steven J. Chabot,R,1/22/1953,M,OH,1,
House,W000815,Brad Wenstrup,R,W000815,Brad Wenstrup,R,6/17/1958,M,OH,2,
House,B001281,Joyce Beatty,D,B001281,Joyce Beatty,D,3/12/1950,F,OH,3,
House,J000289,Jim Jordan,R,J000289,Jim Jordan,R,2/17/1964,M,OH,4,
House,L000566,Robert E. Latta,R,L000566,Robert E. Latta,R,4/18/1956,M,OH,5,
House,J000292,Bill Johnson,R,J000292,Bill Johnson,R,11/10/1954,M,OH,6,
House,G000563,Bob Gibbs,R,G000563,Bob Gibbs,R,6/14/1954,M,OH,7,
House,B000589,John A. Boehner,R,B000589,John A. Boehner,R,11/17/1949,M,OH,8,
House,K000009,Marcy Kaptur,D,K000009,Marcy Kaptur,D,6/17/1946,F,OH,9,
House,T000463,Michael R. Turner,R,T000463,Michael R. Turner,R,1/11/1960,M,OH,10,
House,F000455,Marcia L. Fudge,D,F000455,Marcia L. Fudge,D,10/29/1952,F,OH,11,
House,T000462,Pat Tiberi,R,T000462,Pat Tiberi,R,10/21/1962,M,OH,12,
House,R000577,Tim Ryan,D,R000577,Tim Ryan,D,7/16/1973,M,OH,13,
House,J000295,Dave Joyce,R,J000295,Dave Joyce,R,3/17/1957,M,OH,14,
House,S001187,Steve Stivers,R,S001187,Steve Stivers,R,3/24/1965,M,OH,15,
House,R000586,Jim Renacci,R,R000586,Jim Renacci,R,12/3/1958,M,OH,16,
House,B001283,Jim Bridenstine,R,B001283,Jim Bridenstine,R,6/15/1975,M,OK,1,
House,M001190,Markwayne Mullin,R,M001190,Markwayne Mullin,R,7/26/1977,M,OK,2,
House,L000491,Frank D. Lucas,R,L000491,Frank D. Lucas,R,1/6/1960,M,OK,3,
House,C001053,Tom  Cole,R,C001053,Tom  Cole,R,4/28/1949,M,OK,4,
House,L000575,James Lankford,R,,Steve Russell,R,5/25/1963,M,OK,5,H4OK05132
House,B001278,Suzanne Bonamici,D,B001278,Suzanne Bonamici,D,10/14/1954,F,OR,1,
House,W000791,Greg Walden,R,W000791,Greg Walden,R,1/10/1957,M,OR,2,
House,B000574,Earl Blumenauer,D,B000574,Earl Blumenauer,D,8/16/1948,M,OR,3,
House,D000191,Peter A. DeFazio,D,D000191,Peter A. DeFazio,D,5/27/1947,M,OR,4,
House,S001180,Kurt Schrader,D,S001180,Kurt Schrader,D,10/19/1951,M,OR,5,
House,B001227,Robert A. Brady,D,B001227,Robert A. Brady,D,4/7/1945,M,PA,1,
House,F000043,Chaka Fattah,D,F000043,Chaka Fattah,D,11/21/1956,M,PA,2,
House,K000376,Mike Kelly,R,K000376,Mike Kelly,R,5/10/1948,M,PA,3,
House,P000605,Scott Perry,R,P000605,Scott Perry,R,5/27/1962,M,PA,4,
House,T000467,Glenn Thompson,R,T000467,Glenn Thompson,R,7/27/1959,M,PA,5,
House,G000549,Jim Gerlach,R,,Ryan Costello,R,9/7/1976,M,PA,6,H0PA06076
House,M001181,Pat Meehan,R,M001181,Pat Meehan,R,10/20/1955,M,PA,7,
House,F000451,Michael G. Fitzpatrick,R,F000451,Michael G. Fitzpatrick,R,6/28/1963,M,PA,8,
House,S001154,Bill Shuster,R,S001154,Bill Shuster,R,1/10/1960,M,PA,9,
House,M001179,Tom Marino,R,M001179,Tom Marino,R,8/15/1952,M,PA,10,
House,B001269,Lou Barletta,R,B001269,Lou Barletta,R,1/28/1956,M,PA,11,
House,R000598,Keith Rothfus,R,R000598,Keith Rothfus,R,4/25/1962,M,PA,12,
House,S001162,Allyson Y. Schwartz,D,,Brendan Boyle,D,2/6/1977,M,PA,13,H4PA13199
House,D000482,Mike Doyle,D,D000482,Mike Doyle,D,8/5/1953,M,PA,14,
House,D000604,Charlie Dent,R,D000604,Charlie Dent,R,5/24/1960,M,PA,15,
House,P000373,Joe Pitts,R,P000373,Joe Pitts,R,10/10/1939,M,PA,16,
House,C001090,Matt Cartwright,D,C001090,Matt Cartwright,D,5/1/1961,M,PA,17,
House,M001151,Tim Murphy,R,M001151,Tim Murphy,R,9/11/1952,M,PA,18,
House,C001084,David Cicilline,D,C001084,David Cicilline,D,7/15/1961,M,RI,1,
House,L000559,Jim Langevin,D,L000559,Jim Langevin,D,4/22/1964,M,RI,2,
House,S000051,Mark Sanford,R,S000051,Mark Sanford,R,5/28/1960,M,SC,1,
House,W000795,Joe Wilson,R,W000795,Joe Wilson,R,7/31/1947,M,SC,2,
House,D000615,Jeffrey Duncan,R,D000615,Jeffrey Duncan,R,1/7/1966,M,SC,3,
House,G000566,Trey Gowdy,R,G000566,Trey Gowdy,R,8/22/1964,M,SC,4,
House,M001182,Mick Mulvaney,R,M001182,Mick Mulvaney,R,7/21/1967,M,SC,5,
House,C000537,James E. Clyburn,D,C000537,James E. Clyburn,D,7/21/1940,M,SC,6,
House,R000597,Tom Rice,R,R000597,Tom Rice,R,8/4/1957,M,SC,7,
House,N000184,Kristi Noem,R,N000184,Kristi Noem,R,11/30/1971,F,SD,AL,
House,R000582,Phil Roe,R,R000582,Phil Roe,R,7/21/1945,M,TN,1,
House,D000533,John J. Duncan Jr.,R,D000533,John J. Duncan Jr.,R,7/21/1947,M,TN,2,
House,F000459,Chuck Fleischmann,R,F000459,Chuck Fleischmann,R,10/11/1962,M,TN,3,
House,D000616,Scott DesJarlais,R,D000616,Scott DesJarlais,R,2/21/1964,M,TN,4,
House,C000754,Jim Cooper,D,C000754,Jim Cooper,D,6/19/1954,M,TN,5,
House,B001273,Diane Black,R,B001273,Diane Black,R,1/16/1951,F,TN,6,
House,B001243,Marsha Blackburn,R,B001243,Marsha Blackburn,R,6/6/1952,F,TN,7,
House,F000458,Stephen Fincher,R,F000458,Stephen Fincher,R,2/7/1973,M,TN,8,
House,C001068,Steve Cohen,D,C001068,Steve Cohen,D,5/24/1949,M,TN,9,
House,G000552,Louie Gohmert,R,G000552,Louie Gohmert,R,8/18/1953,M,TX,1,
House,P000592,Ted Poe,R,P000592,Ted Poe,R,10/13/1948,M,TX,2,
House,J000174,Sam Johnson,R,J000174,Sam Johnson,R,10/11/1930,M,TX,3,
House,H000067,Ralph M. Hall,R,,John Ratcliffe,R,10/20/1965,M,TX,4,H4TX04153
House,H001036,Jeb Hensarling,R,H001036,Jeb Hensarling,R,5/29/1957,M,TX,5,
House,B000213,Joe L. Barton,R,B000213,Joe L. Barton,R,9/15/1949,M,TX,6,
House,C001048,John Culberson,R,C001048,John Culberson,R,8/24/1956,M,TX,7,
House,B000755,Kevin Brady,R,B000755,Kevin Brady,R,4/11/1955,M,TX,8,
House,G000553,Al Green,D,G000553,Al Green,D,9/1/1947,M,TX,9,
House,M001157,Michael McCaul,R,M001157,Michael McCaul,R,1/14/1962,M,TX,10,
House,C001062,K. Michael Conaway,R,C001062,K. Michael Conaway,R,6/11/1948,M,TX,11,
House,G000377,Kay Granger,R,G000377,Kay Granger,R,1/18/1943,F,TX,12,
House,T000238,William M. Thornberry,R,T000238,William M. Thornberry,R,7/15/1958,M,TX,13,
House,W000814,Randy Weber,R,W000814,Randy Weber,R,7/2/1953,M,TX,14,
House,H000636,Rubí©n Hinojosa,D,H000636,Ruben Hinojosa,D,8/20/1940,M,TX,15,
House,O000170,Beto O'Rourke,D,O000170,Beto O'Rourke,D,9/26/1972,M,TX,16,
House,F000461,Bill Flores,R,F000461,Bill Flores,R,2/25/1954,M,TX,17,
House,J000032,Sheila Jackson-Lee,D,J000032,Sheila Jackson-Lee,D,1/12/1950,F,TX,18,
House,N000182,Randy Neugebauer,R,N000182,Randy Neugebauer,R,12/24/1949,M,TX,19,
House,C001091,Joaquin Castro,D,C001091,Joaquin Castro,D,9/16/1974,M,TX,20,
House,S000583,Lamar Smith,R,S000583,Lamar Smith,R,11/19/1947,M,TX,21,
House,O000168,Pete Olson,R,O000168,Pete Olson,R,12/9/1962,M,TX,22,
House,G000572,Pete Gallego,R,,Will Hurd,R,8/19/1977,M,TX,23,H0TX23086
House,M001158,Kenny Marchant,R,M001158,Kenny Marchant,R,2/23/1951,M,TX,24,
House,W000816,Roger Williams,R,W000816,Roger Williams,R,9/13/1949,M,TX,25,
House,B001248,Michael C. Burgess,R,B001248,Michael C. Burgess,R,12/23/1950,M,TX,26,
House,F000460,Blake Farenthold,R,F000460,Blake Farenthold,R,12/12/1962,M,TX,27,
House,C001063,Henry Cuellar,D,C001063,Henry Cuellar,D,9/19/1955,M,TX,28,
House,G000410,Gene Green,D,G000410,Gene Green,D,10/17/1947,M,TX,29,
House,J000126,Eddie Bernice Johnson,D,J000126,Eddie Bernice Johnson,D,12/3/1935,F,TX,30,
House,C001051,John Carter,R,C001051,John Carter,R,11/6/1941,M,TX,31,
House,S000250,Pete Sessions,R,S000250,Pete Sessions,R,3/22/1955,M,TX,32,
House,V000131,Marc Veasey,D,V000131,Marc Veasey,D,1/3/1971,M,TX,33,
House,V000132,Filemon Vela,D,V000132,Filemon Vela,D,2/13/1963,M,TX,34,
House,D000399,Lloyd Doggett,D,D000399,Lloyd Doggett,D,10/6/1946,M,TX,35,
House,S000937,Steve Stockman,R,,Brian Babin,R,3/23/1948,M,TX,36,H6TX02079
House,B001250,Rob Bishop,R,B001250,Rob Bishop,R,7/13/1951,M,UT,1,
House,S001192,Chris Stewart,R,S001192,Chris Stewart,R,7/15/1960,M,UT,2,
House,C001076,Jason Chaffetz,R,C001076,Jason Chaffetz,R,3/26/1967,M,UT,3,
House,M001142,Jim Matheson,R,,Mia Love,R,12/6/1975,F,UT,4,H2UT04023
House,W000804,Robert J. Wittman,R,W000804,Robert J. Wittman,R,2/3/1959,M,VA,1,
House,R000589,Scott Rigell,R,R000589,Scott Rigell,R,5/28/1960,M,VA,2,
House,S000185,Robert C. Scott,D,S000185,Robert C. Scott,D,4/30/1947,M,VA,3,
House,F000445,J. Randy Forbes,R,F000445,J. Randy Forbes,R,2/17/1952,M,VA,4,
House,H001060,Robert Hurt,R,H001060,Robert Hurt,R,6/16/1969,M,VA,5,
House,G000289,Robert W. Goodlatte,R,G000289,Robert W. Goodlatte,R,9/22/1952,M,VA,6,
House,C001046,Eric Cantor,R,B001290,Dave Brat,R,7/27/1964,M,VA,7,
House,M000933,James P. Moran,D,,Donald Beyer,D,6/20/1950,M,VA,8,H4VA08224
House,G000568,Morgan Griffith,R,G000568,Morgan Griffith,R,3/15/1958,M,VA,9,
House,W000672,Frank R. Wolf,R,,Barbara Comstock,R,6/30/1959,F,VA,10,H4VA10089
House,C001078,Gerald E. Connolly,D,C001078,Gerald E. Connolly,D,3/30/1950,M,VA,11,
House,C000380,Donna Christensen,D,,Stacey Plaskett,D,,F,VI,AL,H2VI00082
House,W000800,Peter Welch,D,W000800,Peter Welch,D,5/2/1947,M,VT,AL,
House,D000617,Suzan K. DelBene,D,D000617,Suzan K. DelBene,D,2/17/1962,F,WA,1,
House,L000560,Rick Larsen,D,L000560,Rick Larsen,D,6/15/1965,M,WA,2,
House,H001056,Jaime Herrera Beutler,R,H001056,Jaime Herrera Beutler,R,11/3/1978,F,WA,3,
House,H000329,Doc Hastings,R,,Dan Newhouse,R,7/10/1955,M,WA,4,H4WA04104
House,M001159,Cathy McMorris Rodgers,R,M001159,Cathy McMorris Rodgers,R,5/22/1969,F,WA,5,
House,K000381,Derek Kilmer,D,K000381,Derek Kilmer,D,1/1/1974,M,WA,6,
House,M000404,Jim McDermott,D,M000404,Jim McDermott,D,12/28/1936,M,WA,7,
House,R000578,Dave Reichert,R,R000578,Dave Reichert,R,8/29/1950,M,WA,8,
House,S000510,Adam Smith,D,S000510,Adam Smith,D,6/15/1965,M,WA,9,
House,H001064,Denny Heck,D,H001064,Denny Heck,D,7/29/1952,M,WA,10,
House,R000570,Paul D. Ryan,R,R000570,Paul D. Ryan,R,1/29/1970,M,WI,1,
House,P000607,Mark Pocan,D,P000607,Mark Pocan,D,8/14/1964,M,WI,2,
House,K000188,Ron Kind,D,K000188,Ron Kind,D,3/16/1963,M,WI,3,
House,M001160,Gwen Moore,D,M001160,Gwen Moore,D,4/18/1951,F,WI,4,
House,S000244,F. James Sensenbrenner,R,S000244,F. James Sensenbrenner,R,6/14/1943,M,WI,5,
House,P000265,Tom Petri,R,,Glenn Grothman,R,7/3/1955,M,WI,6,H4WI06048
House,D000614,Sean Duffy,R,D000614,Sean Duffy,R,10/3/1971,M,WI,7,
House,R000587,Reid Ribble,R,R000587,Reid Ribble,R,4/5/1956,M,WI,8,
House,M001180,David McKinley,R,M001180,David McKinley,R,3/28/1947,M,WV,1,
House,C001047,Shelley Moore Capito,R,,Alex Mooney,R,6/5/1971,M,WV,2,H4WV02080
House,R000011,Nick J. Rahall II,R,,Evan Jenkins,R,9/12/1960,M,WV,3,H4WV03070
House,L000571,Cynthia M. Lummis,R,L000571,Cynthia M. Lummis,R,9/10/1954,F,WY,AL,
House,P000596,Pedro Pierluisi,D,P000596,Pedro Pierluisi,D,4/26/1959,M,PR,AL,
House,N000147,Eleanor Holmes Norton,D,N000147,Eleanor Holmes Norton,D,6/13/1937,F,DC,AL,
House,F000010,Eni Faleomavaega,D,,Aumua Amata,R,,F,AS,AL,H4AS00036
Senate,A000360,Lamar  Alexander,R,A000360,Lamar  Alexander,R,7/3/1940,M,TN,Class II,
Senate,B001265,Mark Begich,D,,Dan Sullivan,R,11/13/1964,M,AK,Class II,S4AK00214
Senate,B001288,Cory  Booker,D,B001288,Cory  Booker,D,4/27/1969,M,NJ,Class II,
Senate,C000286,Saxby Chambliss,R,,David Perdue,R,12/10/1949,M,GA,Class II,S4GA11285
Senate,C000567,Thad Cochran,R,C000567,Thad Cochran,R,12/7/1937,M,MS,Class II,
Senate,C001035,Susan Collins,R,C001035,Susan Collins,R,12/7/1952,F,ME,Class II,
Senate,C001056,John Cornyn,R,C001056,John Cornyn,R,2/2/1952,M,TX,Class II,
Senate,C001088,Christopher A. Coons,D,C001088,Christopher A. Coons,D,9/9/1963,M,DE,Class II,
Senate,D000563,Richard J. Durbin,D,D000563,Richard J. Durbin,D,11/21/1944,M,IL,Class II,
Senate,E000285,Michael B. Enzi,R,E000285,Michael B. Enzi,R,2/1/1944,M,WY,Class II,
Senate,F000457,Al Franken,D,F000457,Al Franken,D,5/21/1951,M,MN,Class II,
Senate,G000359,Lindsey Graham,R,G000359,Lindsey Graham,R,7/9/1955,M,SC,Class II,
Senate,H000206,Tom Harkin,D,,Joni Ernst,R,7/1/1970,F,IA,Class II,S4IA00129
Senate,H001049,Kay Hagan,D,,Thom Tillis,R,8/30/1960,M,NC,Class II,S4NC00162
Senate,I000024,James M. Inhofe,R,I000024,James M. Inhofe,R,11/17/1934,M,OK,Class II,
Senate,J000177,Tim Johnson,D,,Mike Rounds,R,10/24/1954,M,SD,Class II,S4SD00049
Senate,J000291,Mike Johanns,R,J000291,Mike Johanns,R,6/18/1950,M,NE,Class II,
Senate,L000261,Carl Levin,D,P000595,Gary Peters,D,12/1/1958,M,MI,Class II,
Senate,L000550,Mary L. Landrieu,D,C001075,Bill Cassidy,R,,,LA,Class II,
Senate,M000133,Edward J. Markey,D,M000133,Edward J. Markey,D,7/11/1946,M,MA,Class II,
Senate,M000355,Mitch McConnell,R,M000355,Mitch McConnell,R,2/20/1942,M,KY,Class II,
Senate,M001176,Jeff Merkley,D,M001176,Jeff Merkley,D,10/24/1956,M,OR,Class II,
Senate,P000590,Mark Pryor,D,C001095,Tom Cotton,R,5/13/1977,M,AR,Class II,
Senate,R000122,Jack Reed,D,R000122,Jack Reed,D,11/12/1949,M,RI,Class II,
Senate,R000307,Pat Roberts,R,R000307,Pat Roberts,R,4/20/1936,M,KS,Class II,
Senate,R000361,John D. Rockefeller IV,D,C001047,Shelley Moore Capito,R,11/26/1953,F,WV,Class II,
Senate,R000584,Jim Risch,R,R000584,Jim Risch,R,5/3/1943,M,ID,Class II,
Senate,S001141,Jeff Sessions,R,S001141,Jeff Sessions,R,12/24/1946,M,AL,Class II,
Senate,S001181,Jeanne Shaheen,D,S001181,Jeanne Shaheen,D,1/28/1947,F,NH,Class II,
Senate,U000038,Mark Udall,D,G000562,Cory Gardner,R,8/22/1974,M,CO,Class II,
Senate,U000039,Tom Udall,D,U000039,Tom Udall,D,5/18/1948,M,NM,Class II,
Senate,W000805,Mark Warner,D,W000805,Mark Warner,D,12/15/1954,M,VA,Class II,
Senate,W000818,John  Walsh,D,D000618,Steve Daines,R,8/20/1962,M,MT,Class II,
Senate,C000560,Tom Coburn,R,L000575,James Lankford,R,3/4/1968,M,OK,Class III,
Senate,S001184,Tim Scott,R,S001184,Tim Scott,R,9/19/1965,M,SC,Class III,
Senate,S001194,Brian Schatz,D,S001194,Brian Schatz,D,10/20/1972,M,HI,Class III,